selectivity,mult,query_idx,recall_at_k,completeness_at_k,candidates,lat_p50_ms
0.4993837051645507,1,0,0.5,0.5,10,3.8029220304451883
0.4993837051645507,2,0,1.0,1.0,20,3.8825320079922676
0.4993837051645507,5,0,1.0,1.0,50,4.091588954906911
0.4993837051645507,10,0,1.0,1.0,100,4.405114043038338
0.4993837051645507,20,0,1.0,1.0,200,4.835499974433333
0.4993837051645507,50,0,1.0,1.0,500,6.258827983401716
0.4993837051645507,100,0,1.0,1.0,1000,10.074563964735717
0.4993837051645507,1,1,0.4,0.4,10,4.027037008199841
0.4993837051645507,2,1,0.9,0.9,20,4.058847029227763
0.4993837051645507,5,1,1.0,1.0,50,4.0905370260588825
0.4993837051645507,10,1,1.0,1.0,100,4.180337011348456
0.4993837051645507,20,1,1.0,1.0,200,4.82937804190442
0.4993837051645507,50,1,1.0,1.0,500,7.120502996258438
0.4993837051645507,100,1,1.0,1.0,1000,11.626377003267407
0.4993837051645507,1,2,0.8,0.8,10,4.090287024155259
0.4993837051645507,2,2,1.0,1.0,20,4.0068080415949225
0.4993837051645507,5,2,1.0,1.0,50,4.382840008474886
0.4993837051645507,10,2,1.0,1.0,100,4.464736033696681
0.4993837051645507,20,2,1.0,1.0,200,5.060135968960822
0.4993837051645507,50,2,1.0,1.0,500,6.632086995523423
0.4993837051645507,100,2,1.0,1.0,1000,10.847510013263673
0.4993837051645507,1,3,1.0,1.0,10,4.090928006917238
0.4993837051645507,2,3,1.0,1.0,20,4.156311973929405
0.4993837051645507,5,3,1.0,1.0,50,4.291477962397039
0.4993837051645507,10,3,1.0,1.0,100,4.463573975954205
0.4993837051645507,20,3,1.0,1.0,200,4.842331982217729
0.4993837051645507,50,3,1.0,1.0,500,7.220431987661868
0.4993837051645507,100,3,1.0,1.0,1000,11.496951978188008
0.4993837051645507,1,4,0.7,0.7,10,4.032125987578183
0.4993837051645507,2,4,0.8,1.0,20,4.22518199775368
0.4993837051645507,5,4,0.8,1.0,50,4.0603100205771625
0.4993837051645507,10,4,0.8,1.0,100,4.369596019387245
0.4993837051645507,20,4,1.0,1.0,200,5.0527320127002895
0.4993837051645507,50,4,1.0,1.0,500,7.43707298533991
0.4993837051645507,100,4,1.0,1.0,1000,11.618440970778465
0.4993837051645507,1,5,0.5,0.5,10,3.8548600277863443
0.4993837051645507,2,5,1.0,1.0,20,3.7682660040445626
0.4993837051645507,5,5,1.0,1.0,50,4.031113989185542
0.4993837051645507,10,5,1.0,1.0,100,4.29498398443684
0.4993837051645507,20,5,1.0,1.0,200,4.7086289850994945
0.4993837051645507,50,5,1.0,1.0,500,6.108252971898764
0.4993837051645507,100,5,1.0,1.0,1000,9.423288982361555
0.4993837051645507,1,6,0.5,0.5,10,3.979667031671852
0.4993837051645507,2,6,0.9,1.0,20,4.036475031170994
0.4993837051645507,5,6,0.9,1.0,50,4.323278029914945
0.4993837051645507,10,6,0.9,1.0,100,4.294382990337908
0.4993837051645507,20,6,0.9,1.0,200,4.696756019257009
0.4993837051645507,50,6,1.0,1.0,500,6.652173993643373
0.4993837051645507,100,6,1.0,1.0,1000,11.073848989326507
0.4993837051645507,1,7,0.3,0.3,10,4.082682018633932
0.4993837051645507,2,7,0.9,1.0,20,4.040971980430186
0.4993837051645507,5,7,0.9,1.0,50,4.062723950482905
0.4993837051645507,10,7,0.9,1.0,100,4.308269999455661
0.4993837051645507,20,7,0.9,1.0,200,5.060816009063274
0.4993837051645507,50,7,1.0,1.0,500,7.458062958903611
0.4993837051645507,100,7,1.0,1.0,1000,12.172241986263543
0.4993837051645507,1,8,0.4,0.4,10,3.785257984418422
0.4993837051645507,2,8,0.9,0.9,20,3.9466439629904926
0.4993837051645507,5,8,0.9,1.0,50,4.0604600217193365
0.4993837051645507,10,8,0.9,1.0,100,4.263515002094209
0.4993837051645507,20,8,1.0,1.0,200,4.830029036384076
0.4993837051645507,50,8,1.0,1.0,500,7.748564006760716
0.4993837051645507,100,8,1.0,1.0,1000,12.92186399223283
0.4993837051645507,1,9,0.5,0.5,10,3.995095961727202
0.4993837051645507,2,9,0.8,0.9,20,3.8957969518378377
0.4993837051645507,5,9,0.8,1.0,50,4.000846995040774
0.4993837051645507,10,9,0.8,1.0,100,4.271509998943657
0.4993837051645507,20,9,0.9,1.0,200,5.623474018648267
0.4993837051645507,50,9,0.9,1.0,500,7.955114997457713
0.4993837051645507,100,9,1.0,1.0,1000,13.090072956401855
0.4993837051645507,1,10,0.4,0.4,10,4.301808017771691
0.4993837051645507,2,10,0.8,0.8,20,4.013170022517443
0.4993837051645507,5,10,1.0,1.0,50,3.982392023317516
0.4993837051645507,10,10,1.0,1.0,100,4.474054032471031
0.4993837051645507,20,10,1.0,1.0,200,4.98319003963843
0.4993837051645507,50,10,1.0,1.0,500,6.28456799313426
0.4993837051645507,100,10,1.0,1.0,1000,11.185160023160279
0.4993837051645507,1,11,0.4,0.4,10,4.293241014238447
0.4993837051645507,2,11,0.9,0.9,20,4.108201013877988
0.4993837051645507,5,11,0.9,1.0,50,4.494423046708107
0.4993837051645507,10,11,0.9,1.0,100,4.18941501993686
0.4993837051645507,20,11,1.0,1.0,200,4.848924989346415
0.4993837051645507,50,11,1.0,1.0,500,6.972851988393813
0.4993837051645507,100,11,1.0,1.0,1000,11.464009003248066
0.4993837051645507,1,12,0.6,0.6,10,3.870198968797922
0.4993837051645507,2,12,1.0,1.0,20,3.7375270039774477
0.4993837051645507,5,12,1.0,1.0,50,3.8836149615235627
0.4993837051645507,10,12,1.0,1.0,100,4.241733986418694
0.4993837051645507,20,12,1.0,1.0,200,5.202285014092922
0.4993837051645507,50,12,1.0,1.0,500,6.500357005279511
0.4993837051645507,100,12,1.0,1.0,1000,9.828768961597234
0.4993837051645507,1,13,0.5,0.5,10,4.044739995151758
0.4993837051645507,2,13,0.9,1.0,20,3.9915390079841018
0.4993837051645507,5,13,0.9,1.0,50,4.32440999429673
0.4993837051645507,10,13,0.9,1.0,100,4.479334049392492
0.4993837051645507,20,13,1.0,1.0,200,4.780685005243868
0.4993837051645507,50,13,1.0,1.0,500,6.440002005547285
0.4993837051645507,100,13,1.0,1.0,1000,10.753310984000564
0.4993837051645507,1,14,0.5,0.5,10,4.1911979787983
0.4993837051645507,2,14,0.8,0.8,20,3.8971100002527237
0.4993837051645507,5,14,0.9,1.0,50,3.945963049773127
0.4993837051645507,10,14,0.9,1.0,100,4.088021989446133
0.4993837051645507,20,14,0.9,1.0,200,4.81789605692029
0.4993837051645507,50,14,1.0,1.0,500,7.065679004881531
0.4993837051645507,100,14,1.0,1.0,1000,11.68169203447178
0.4993837051645507,1,15,0.5,0.5,10,3.998140979092568
0.4993837051645507,2,15,0.8,0.8,20,3.965459007304162
0.4993837051645507,5,15,0.9,1.0,50,4.2449290049262345
0.4993837051645507,10,15,0.9,1.0,100,4.415303003042936
0.4993837051645507,20,15,0.9,1.0,200,4.912075004540384
0.4993837051645507,50,15,1.0,1.0,500,6.966169981751591
0.4993837051645507,100,15,1.0,1.0,1000,11.383787030354142
0.4993837051645507,1,16,0.4,0.4,10,4.070459050126374
0.4993837051645507,2,16,0.9,1.0,20,4.015815036837012
0.4993837051645507,5,16,0.9,1.0,50,4.004514019470662
0.4993837051645507,10,16,0.9,1.0,100,4.125943989492953
0.4993837051645507,20,16,1.0,1.0,200,4.832955019082874
0.4993837051645507,50,16,1.0,1.0,500,7.5794829754158854
0.4993837051645507,100,16,1.0,1.0,1000,13.250717020127922
0.4993837051645507,1,17,0.6,0.6,10,3.812840033788234
0.4993837051645507,2,17,1.0,1.0,20,3.658447996713221
0.4993837051645507,5,17,1.0,1.0,50,3.76112200319767
0.4993837051645507,10,17,1.0,1.0,100,4.207579011563212
0.4993837051645507,20,17,1.0,1.0,200,4.684413026552647
0.4993837051645507,50,17,1.0,1.0,500,6.240714981686324
0.4993837051645507,100,17,1.0,1.0,1000,10.424948995932937
0.4993837051645507,1,18,0.6,0.6,10,3.7723039858974516
0.4993837051645507,2,18,1.0,1.0,20,3.976250998675823
0.4993837051645507,5,18,1.0,1.0,50,4.137594951316714
0.4993837051645507,10,18,1.0,1.0,100,4.386216984130442
0.4993837051645507,20,18,1.0,1.0,200,4.708869033493102
0.4993837051645507,50,18,1.0,1.0,500,6.945048982743174
0.4993837051645507,100,18,1.0,1.0,1000,12.330622994340956
0.4993837051645507,1,19,0.5,0.5,10,3.9436580264009535
0.4993837051645507,2,19,1.0,1.0,20,3.901457996107638
0.4993837051645507,5,19,1.0,1.0,50,4.029861011076719
0.4993837051645507,10,19,1.0,1.0,100,4.125783976633102
0.4993837051645507,20,19,1.0,1.0,200,4.8301490023732185
0.4993837051645507,50,19,1.0,1.0,500,6.411987997125834
0.4993837051645507,100,19,1.0,1.0,1000,10.57097502052784
0.09938781379678704,1,0,0.2,0.2,10,3.8057679776102304
0.09938781379678704,2,0,0.2,0.2,20,3.780159051530063
0.09938781379678704,5,0,0.3,0.3,50,4.064437001943588
0.09938781379678704,10,0,1.0,1.0,100,4.344618006143719
0.09938781379678704,20,0,1.0,1.0,200,4.745387996081263
0.09938781379678704,50,0,1.0,1.0,500,6.631355034187436
0.09938781379678704,100,0,1.0,1.0,1000,10.50802698591724
0.09938781379678704,1,1,0.0,0.0,10,4.165568971075118
0.09938781379678704,2,1,0.1,0.1,20,4.076199023984373
0.09938781379678704,5,1,0.5,0.5,50,4.151793022174388
0.09938781379678704,10,1,1.0,1.0,100,4.315693979151547
0.09938781379678704,20,1,1.0,1.0,200,4.7984590055420995
0.09938781379678704,50,1,1.0,1.0,500,7.1786330081522465
0.09938781379678704,100,1,1.0,1.0,1000,11.71264995355159
0.09938781379678704,1,2,0.1,0.1,10,4.0115080191753805
0.09938781379678704,2,2,0.1,0.1,20,4.012920020613819
0.09938781379678704,5,2,0.4,0.4,50,4.02472197310999
0.09938781379678704,10,2,0.6,0.6,100,4.370377981103957
0.09938781379678704,20,2,1.0,1.0,200,5.159293010365218
0.09938781379678704,50,2,1.0,1.0,500,6.857003027107567
0.09938781379678704,100,2,1.0,1.0,1000,12.355819984804839
0.09938781379678704,1,3,0.1,0.1,10,3.7464339984580874
0.09938781379678704,2,3,0.1,0.1,20,4.031585005577654
0.09938781379678704,5,3,0.6,0.6,50,4.182762000709772
0.09938781379678704,10,3,1.0,1.0,100,4.354508011601865
0.09938781379678704,20,3,1.0,1.0,200,4.660007019992918
0.09938781379678704,50,3,1.0,1.0,500,6.730263005010784
0.09938781379678704,100,3,1.0,1.0,1000,11.770739976782352
0.09938781379678704,1,4,0.0,0.0,10,3.9518540143035352
0.09938781379678704,2,4,0.0,0.0,20,4.2296110186725855
0.09938781379678704,5,4,0.3,0.3,50,3.986930998507887
0.09938781379678704,10,4,0.7,1.0,100,4.2685349471867085
0.09938781379678704,20,4,1.0,1.0,200,4.848214040976018
0.09938781379678704,50,4,1.0,1.0,500,7.239639002364129
0.09938781379678704,100,4,1.0,1.0,1000,11.696841043885797
0.09938781379678704,1,5,0.0,0.0,10,3.7094049621373415
0.09938781379678704,2,5,0.1,0.1,20,3.799425030592829
0.09938781379678704,5,5,0.2,0.2,50,4.072523035574704
0.09938781379678704,10,5,0.9,1.0,100,4.6399179846048355
0.09938781379678704,20,5,1.0,1.0,200,4.989571985788643
0.09938781379678704,50,5,1.0,1.0,500,6.666702043730766
0.09938781379678704,100,5,1.0,1.0,1000,9.508289978839457
0.09938781379678704,1,6,0.1,0.1,10,4.156553011853248
0.09938781379678704,2,6,0.3,0.3,20,4.050971998367459
0.09938781379678704,5,6,0.8,0.8,50,4.160829994361848
0.09938781379678704,10,6,1.0,1.0,100,4.416606039740145
0.09938781379678704,20,6,1.0,1.0,200,4.8410199815407395
0.09938781379678704,50,6,1.0,1.0,500,6.829161022324115
0.09938781379678704,100,6,1.0,1.0,1000,11.565051041543484
0.09938781379678704,1,7,0.0,0.0,10,4.105154017452151
0.09938781379678704,2,7,0.0,0.0,20,4.3331170454621315
0.09938781379678704,5,7,0.4,0.4,50,4.1181090055033565
0.09938781379678704,10,7,0.7,1.0,100,4.626081965398043
0.09938781379678704,20,7,0.9,1.0,200,5.1113219815306365
0.09938781379678704,50,7,1.0,1.0,500,8.19940899964422
0.09938781379678704,100,7,1.0,1.0,1000,12.861458992119879
0.09938781379678704,1,8,0.0,0.0,10,4.16655105073005
0.09938781379678704,2,8,0.1,0.1,20,4.355990036856383
0.09938781379678704,5,8,0.6,0.6,50,4.433005989994854
0.09938781379678704,10,8,0.7,1.0,100,4.608137998729944
0.09938781379678704,20,8,0.9,1.0,200,5.060627008788288
0.09938781379678704,50,8,0.9,1.0,500,7.814809971023351
0.09938781379678704,100,8,1.0,1.0,1000,13.266115973237902
0.09938781379678704,1,9,0.2,0.2,10,4.146052990108728
0.09938781379678704,2,9,0.3,0.3,20,4.072192998137325
0.09938781379678704,5,9,0.8,0.8,50,4.154427966568619
0.09938781379678704,10,9,0.9,1.0,100,4.472100001294166
0.09938781379678704,20,9,0.9,1.0,200,5.185182031709701
0.09938781379678704,50,9,1.0,1.0,500,7.4727709870785475
0.09938781379678704,100,9,1.0,1.0,1000,12.421776016708463
0.09938781379678704,1,10,0.2,0.2,10,4.260139015968889
0.09938781379678704,2,10,0.2,0.2,20,3.972263017203659
0.09938781379678704,5,10,0.7,0.7,50,4.131274006795138
0.09938781379678704,10,10,1.0,1.0,100,4.3952150153927505
0.09938781379678704,20,10,1.0,1.0,200,4.875554994214326
0.09938781379678704,50,10,1.0,1.0,500,6.424802995752543
0.09938781379678704,100,10,1.0,1.0,1000,11.493033962324262
0.09938781379678704,1,11,0.1,0.1,10,4.276028950698674
0.09938781379678704,2,11,0.2,0.2,20,4.2555800173431635
0.09938781379678704,5,11,0.5,0.5,50,4.4033610029146075
0.09938781379678704,10,11,0.9,0.9,100,4.370016977190971
0.09938781379678704,20,11,1.0,1.0,200,4.731402033939958
0.09938781379678704,50,11,1.0,1.0,500,6.741193006746471
0.09938781379678704,100,11,1.0,1.0,1000,11.186663003172725
0.09938781379678704,1,12,0.1,0.1,10,3.970980003941804
0.09938781379678704,2,12,0.2,0.2,20,3.8772219559177756
0.09938781379678704,5,12,0.5,0.5,50,3.992190002463758
0.09938781379678704,10,12,1.0,1.0,100,4.411344998516142
0.09938781379678704,20,12,1.0,1.0,200,4.851640027482063
0.09938781379678704,50,12,1.0,1.0,500,6.502138974610716
0.09938781379678704,100,12,1.0,1.0,1000,9.665357996709645
0.09938781379678704,1,13,0.1,0.1,10,3.8963989936746657
0.09938781379678704,2,13,0.3,0.3,20,4.112549009732902
0.09938781379678704,5,13,0.6,0.6,50,4.250889993272722
0.09938781379678704,10,13,0.6,0.6,100,4.42232599016279
0.09938781379678704,20,13,1.0,1.0,200,4.746651044115424
0.09938781379678704,50,13,1.0,1.0,500,7.3769689770415425
0.09938781379678704,100,13,1.0,1.0,1000,11.485459981486201
0.09938781379678704,1,14,0.0,0.0,10,4.82500996440649
0.09938781379678704,2,14,0.0,0.0,20,4.56300302175805
0.09938781379678704,5,14,0.3,0.3,50,4.0757390088401735
0.09938781379678704,10,14,0.8,0.8,100,4.452543973457068
0.09938781379678704,20,14,1.0,1.0,200,4.945357039105147
0.09938781379678704,50,14,1.0,1.0,500,7.030442007817328
0.09938781379678704,100,14,1.0,1.0,1000,11.888323992025107
0.09938781379678704,1,15,0.1,0.1,10,4.009583033621311
0.09938781379678704,2,15,0.2,0.2,20,4.154036985710263
0.09938781379678704,5,15,0.5,0.5,50,4.383212013635784
0.09938781379678704,10,15,1.0,1.0,100,4.568473028484732
0.09938781379678704,20,15,1.0,1.0,200,4.938295052852482
0.09938781379678704,50,15,1.0,1.0,500,6.639711034949869
0.09938781379678704,100,15,1.0,1.0,1000,11.33311097510159
0.09938781379678704,1,16,0.1,0.1,10,4.104955005459487
0.09938781379678704,2,16,0.3,0.3,20,4.0583660011179745
0.09938781379678704,5,16,0.8,0.8,50,4.172060987912118
0.09938781379678704,10,16,0.9,1.0,100,4.2444790014997125
0.09938781379678704,20,16,1.0,1.0,200,4.786697041708976
0.09938781379678704,50,16,1.0,1.0,500,7.12759600719437
0.09938781379678704,100,16,1.0,1.0,1000,13.132643012795597
0.09938781379678704,1,17,0.1,0.1,10,4.039109975565225
0.09938781379678704,2,17,0.4,0.4,20,3.92195803578943
0.09938781379678704,5,17,0.8,0.8,50,4.08882403280586
0.09938781379678704,10,17,1.0,1.0,100,4.457834002096206
0.09938781379678704,20,17,1.0,1.0,200,4.963751998730004
0.09938781379678704,50,17,1.0,1.0,500,6.3505019643343985
0.09938781379678704,100,17,1.0,1.0,1000,10.494401038158685
0.09938781379678704,1,18,0.1,0.1,10,4.008200950920582
0.09938781379678704,2,18,0.1,0.1,20,4.138457006774843
0.09938781379678704,5,18,0.3,0.3,50,4.318810009863228
0.09938781379678704,10,18,0.9,0.9,100,4.439228039700538
0.09938781379678704,20,18,1.0,1.0,200,4.842903988901526
0.09938781379678704,50,18,1.0,1.0,500,6.907169008627534
0.09938781379678704,100,18,1.0,1.0,1000,11.874015966895968
0.09938781379678704,1,19,0.1,0.1,10,4.008801013696939
0.09938781379678704,2,19,0.1,0.1,20,4.002941015642136
0.09938781379678704,5,19,0.5,0.5,50,4.044660017825663
0.09938781379678704,10,19,0.6,0.6,100,4.3034799746237695
0.09938781379678704,20,19,1.0,1.0,200,4.9091800465248525
0.09938781379678704,50,19,1.0,1.0,500,6.360150990076363
0.09938781379678704,100,19,1.0,1.0,1000,10.58652502251789
0.05082378076338387,1,0,0.2,0.2,10,4.091598966624588
0.05082378076338387,2,0,0.2,0.2,20,3.9097339613363147
0.05082378076338387,5,0,0.2,0.2,50,4.119150980841368
0.05082378076338387,10,0,0.4,0.4,100,4.505033022724092
0.05082378076338387,20,0,0.6,0.6,200,4.799811984412372
0.05082378076338387,50,0,1.0,1.0,500,6.164951017126441
0.05082378076338387,100,0,1.0,1.0,1000,10.428995999973267
0.05082378076338387,1,1,0.0,0.0,10,4.194464010652155
0.05082378076338387,2,1,0.1,0.1,20,4.197039001155645
0.05082378076338387,5,1,0.4,0.4,50,4.18383302167058
0.05082378076338387,10,1,0.9,0.9,100,4.169166029896587
0.05082378076338387,20,1,1.0,1.0,200,4.94472699938342
0.05082378076338387,50,1,1.0,1.0,500,7.184132991824299
0.05082378076338387,100,1,1.0,1.0,1000,11.513703968375921
0.05082378076338387,1,2,0.1,0.1,10,4.309442010708153
0.05082378076338387,2,2,0.1,0.1,20,4.039551015011966
0.05082378076338387,5,2,0.4,0.4,50,3.955931984819472
0.05082378076338387,10,2,0.4,0.4,100,4.859485023189336
0.05082378076338387,20,2,1.0,1.0,200,5.716169020161033
0.05082378076338387,50,2,1.0,1.0,500,10.394089971669018
0.05082378076338387,100,2,1.0,1.0,1000,14.681631000712514
0.05082378076338387,1,3,0.1,0.1,10,5.484650027938187
0.05082378076338387,2,3,0.1,0.1,20,5.602293997071683
0.05082378076338387,5,3,0.5,0.5,50,5.960012029390782
0.05082378076338387,10,3,0.9,0.9,100,6.315055012237281
0.05082378076338387,20,3,1.0,1.0,200,7.037936011329293
0.05082378076338387,50,3,1.0,1.0,500,6.922386994119734
0.05082378076338387,100,3,1.0,1.0,1000,13.010882015805691
0.05082378076338387,1,4,0.0,0.0,10,4.560879024211317
0.05082378076338387,2,4,0.0,0.0,20,4.519149020779878
0.05082378076338387,5,4,0.2,0.2,50,4.784673044923693
0.05082378076338387,10,4,0.7,0.7,100,4.346151952631772
0.05082378076338387,20,4,1.0,1.0,200,5.692433973308653
0.05082378076338387,50,4,1.0,1.0,500,6.759046984370798
0.05082378076338387,100,4,1.0,1.0,1000,11.77562098018825
0.05082378076338387,1,5,0.0,0.0,10,4.077321966178715
0.05082378076338387,2,5,0.0,0.0,20,4.09585697343573
0.05082378076338387,5,5,0.1,0.1,50,4.549997975118458
0.05082378076338387,10,5,0.5,0.5,100,4.701816011220217
0.05082378076338387,20,5,1.0,1.0,200,5.2911239909008145
0.05082378076338387,50,5,1.0,1.0,500,6.308121955953538
0.05082378076338387,100,5,1.0,1.0,1000,9.674425993580371
0.05082378076338387,1,6,0.0,0.0,10,4.439348005689681
0.05082378076338387,2,6,0.0,0.0,20,4.4834319851361215
0.05082378076338387,5,6,0.3,0.3,50,4.633306001778692
0.05082378076338387,10,6,0.7,0.7,100,5.103808012790978
0.05082378076338387,20,6,1.0,1.0,200,5.670954007655382
0.05082378076338387,50,6,1.0,1.0,500,6.89904298633337
0.05082378076338387,100,6,1.0,1.0,1000,11.54536398826167
0.05082378076338387,1,7,0.0,0.0,10,4.913558019325137
0.05082378076338387,2,7,0.0,0.0,20,4.597669001668692
0.05082378076338387,5,7,0.3,0.3,50,4.671539005357772
0.05082378076338387,10,7,0.8,0.8,100,5.342631018720567
0.05082378076338387,20,7,1.0,1.0,200,6.187563005369157
0.05082378076338387,50,7,1.0,1.0,500,7.806633017025888
0.05082378076338387,100,7,1.0,1.0,1000,12.968070979695767
0.05082378076338387,1,8,0.0,0.0,10,6.0139939887449145
0.05082378076338387,2,8,0.0,0.0,20,6.459920026827604
0.05082378076338387,5,8,0.5,0.5,50,5.8142050402238965
0.05082378076338387,10,8,0.6,0.6,100,5.829124012961984
0.05082378076338387,20,8,0.9,1.0,200,6.863294984214008
0.05082378076338387,50,8,0.9,1.0,500,9.936012036632746
0.05082378076338387,100,8,1.0,1.0,1000,14.868114027194679
0.05082378076338387,1,9,0.2,0.2,10,4.545920994132757
0.05082378076338387,2,9,0.3,0.3,20,6.037768966052681
0.05082378076338387,5,9,0.6,0.6,50,7.147083000745624
0.05082378076338387,10,9,0.8,0.8,100,4.455098998732865
0.05082378076338387,20,9,0.9,1.0,200,5.234457028564066
0.05082378076338387,50,9,1.0,1.0,500,7.345409016124904
0.05082378076338387,100,9,1.0,1.0,1000,12.557923968415707
0.05082378076338387,1,10,0.0,0.0,10,4.047746013384312
0.05082378076338387,2,10,0.0,0.0,20,3.978003980591893
0.05082378076338387,5,10,0.3,0.3,50,4.311727010644972
0.05082378076338387,10,10,0.7,0.7,100,4.752912966068834
0.05082378076338387,20,10,1.0,1.0,200,4.995181981939822
0.05082378076338387,50,10,1.0,1.0,500,7.249546993989497
0.05082378076338387,100,10,1.0,1.0,1000,15.016495017334819
0.05082378076338387,1,11,0.0,0.0,10,4.32631402509287
0.05082378076338387,2,11,0.1,0.1,20,4.317387007176876
0.05082378076338387,5,11,0.2,0.2,50,4.3939019669778645
0.05082378076338387,10,11,0.4,0.4,100,4.427675972692668
0.05082378076338387,20,11,0.7,0.7,200,4.8518499825149775
0.05082378076338387,50,11,1.0,1.0,500,7.503699976950884
0.05082378076338387,100,11,1.0,1.0,1000,11.38586102752015
0.05082378076338387,1,12,0.0,0.0,10,4.214380984194577
0.05082378076338387,2,12,0.1,0.1,20,5.8317589573562145
0.05082378076338387,5,12,0.3,0.3,50,5.484869994688779
0.05082378076338387,10,12,0.7,0.7,100,5.957768007647246
0.05082378076338387,20,12,1.0,1.0,200,7.56343302782625
0.05082378076338387,50,12,1.0,1.0,500,9.891969035379589
0.05082378076338387,100,12,1.0,1.0,1000,13.886021974030882
0.05082378076338387,1,13,0.0,0.0,10,5.057761038187891
0.05082378076338387,2,13,0.2,0.2,20,4.343026026617736
0.05082378076338387,5,13,0.4,0.4,50,4.539559013210237
0.05082378076338387,10,13,0.4,0.4,100,4.606825998052955
0.05082378076338387,20,13,0.9,0.9,200,4.841930989641696
0.05082378076338387,50,13,1.0,1.0,500,6.556603009812534
0.05082378076338387,100,13,1.0,1.0,1000,12.296567962039262
0.05082378076338387,1,14,0.0,0.0,10,4.336853977292776
0.05082378076338387,2,14,0.0,0.0,20,4.283362010028213
0.05082378076338387,5,14,0.0,0.0,50,4.551341000478715
0.05082378076338387,10,14,0.3,0.3,100,4.206095996778458
0.05082378076338387,20,14,0.8,0.8,200,4.9785199807956815
0.05082378076338387,50,14,1.0,1.0,500,7.420731999445707
0.05082378076338387,100,14,1.0,1.0,1000,11.787602968979627
0.05082378076338387,1,15,0.1,0.1,10,4.062793974298984
0.05082378076338387,2,15,0.2,0.2,20,4.696585994679481
0.05082378076338387,5,15,0.3,0.3,50,5.0861749914474785
0.05082378076338387,10,15,0.7,0.7,100,5.6413469719700515
0.05082378076338387,20,15,0.9,0.9,200,6.831214006524533
0.05082378076338387,50,15,1.0,1.0,500,8.67667404236272
0.05082378076338387,100,15,1.0,1.0,1000,11.947075021453202
0.05082378076338387,1,16,0.1,0.1,10,4.407047003041953
0.05082378076338387,2,16,0.2,0.2,20,4.520020971540362
0.05082378076338387,5,16,0.6,0.6,50,4.557441978249699
0.05082378076338387,10,16,0.8,0.8,100,4.517737019341439
0.05082378076338387,20,16,1.0,1.0,200,4.8225949867628515
0.05082378076338387,50,16,1.0,1.0,500,7.250538968946785
0.05082378076338387,100,16,1.0,1.0,1000,13.761045993305743
0.05082378076338387,1,17,0.1,0.1,10,4.322546010371298
0.05082378076338387,2,17,0.2,0.2,20,4.220943956170231
0.05082378076338387,5,17,0.5,0.5,50,4.384703992400318
0.05082378076338387,10,17,0.9,0.9,100,4.675557021982968
0.05082378076338387,20,17,1.0,1.0,200,5.465533991809934
0.05082378076338387,50,17,1.0,1.0,500,6.737465970218182
0.05082378076338387,100,17,1.0,1.0,1000,11.072747001890093
0.05082378076338387,1,18,0.1,0.1,10,4.229840997140855
0.05082378076338387,2,18,0.1,0.1,20,4.489072016440332
0.05082378076338387,5,18,0.2,0.2,50,5.13576902449131
0.05082378076338387,10,18,0.6,0.6,100,4.778682021424174
0.05082378076338387,20,18,1.0,1.0,200,4.963502986356616
0.05082378076338387,50,18,1.0,1.0,500,6.997279007919133
0.05082378076338387,100,18,1.0,1.0,1000,12.500425043981522
0.05082378076338387,1,19,0.0,0.0,10,4.450359963811934
0.05082378076338387,2,19,0.0,0.0,20,4.376970988232642
0.05082378076338387,5,19,0.3,0.3,50,4.268935008440167
0.05082378076338387,10,19,0.3,0.3,100,4.546772048342973
0.05082378076338387,20,19,1.0,1.0,200,5.216821969952434
0.05082378076338387,50,19,1.0,1.0,500,6.697940989397466
0.05082378076338387,100,19,1.0,1.0,1000,11.31217199144885
0.010251037429639672,1,0,0.1,0.1,10,3.7716020015068352
0.010251037429639672,2,0,0.1,0.1,20,3.869376960210502
0.010251037429639672,5,0,0.1,0.1,50,3.9769019931554794
0.010251037429639672,10,0,0.1,0.1,100,4.183512995950878
0.010251037429639672,20,0,0.2,0.2,200,4.78584598749876
0.010251037429639672,50,0,0.6,0.6,500,6.298412976320833
0.010251037429639672,100,0,1.0,1.0,1000,10.870022990275174
0.010251037429639672,1,1,0.0,0.0,10,4.110013949684799
0.010251037429639672,2,1,0.0,0.0,20,4.193272034171969
0.010251037429639672,5,1,0.1,0.1,50,4.2297610198147595
0.010251037429639672,10,1,0.2,0.2,100,4.369153990410268
0.010251037429639672,20,1,0.2,0.2,200,4.655227996408939
0.010251037429639672,50,1,0.8,0.8,500,6.956802972126752
0.010251037429639672,100,1,1.0,1.0,1000,12.049560027662665
0.010251037429639672,1,2,0.0,0.0,10,3.927207028027624
0.010251037429639672,2,2,0.0,0.0,20,4.049018956720829
0.010251037429639672,5,2,0.0,0.0,50,4.081299004610628
0.010251037429639672,10,2,0.0,0.0,100,4.420622019097209
0.010251037429639672,20,2,0.1,0.1,200,4.8440860118716955
0.010251037429639672,50,2,0.4,0.4,500,6.595267041120678
0.010251037429639672,100,2,1.0,1.0,1000,12.60863000061363
0.010251037429639672,1,3,0.0,0.0,10,3.7164470413699746
0.010251037429639672,2,3,0.0,0.0,20,3.9055560482665896
0.010251037429639672,5,3,0.0,0.0,50,4.079075995832682
0.010251037429639672,10,3,0.0,0.0,100,4.28942299913615
0.010251037429639672,20,3,0.1,0.1,200,4.575626982841641
0.010251037429639672,50,3,0.4,0.4,500,6.860919995233417
0.010251037429639672,100,3,0.5,0.5,1000,12.860828021075577
0.010251037429639672,1,4,0.0,0.0,10,4.063014988787472
0.010251037429639672,2,4,0.0,0.0,20,4.31689596734941
0.010251037429639672,5,4,0.0,0.0,50,4.2053849902004
0.010251037429639672,10,4,0.1,0.1,100,4.206707002595067
0.010251037429639672,20,4,0.5,0.5,200,4.964854975696653
0.010251037429639672,50,4,0.9,0.9,500,7.198940962553024
0.010251037429639672,100,4,1.0,1.0,1000,12.031495978590101
0.010251037429639672,1,5,0.0,0.0,10,3.946192970033735
0.010251037429639672,2,5,0.0,0.0,20,3.948437049984932
0.010251037429639672,5,5,0.0,0.0,50,4.273903963621706
0.010251037429639672,10,5,0.0,0.0,100,4.464906989596784
0.010251037429639672,20,5,0.3,0.3,200,5.118925997521728
0.010251037429639672,50,5,0.9,0.9,500,6.282493995968252
0.010251037429639672,100,5,1.0,1.0,1000,9.555600001476705
0.010251037429639672,1,6,0.0,0.0,10,4.268764052540064
0.010251037429639672,2,6,0.0,0.0,20,4.377942008432001
0.010251037429639672,5,6,0.1,0.1,50,4.168915038462728
0.010251037429639672,10,6,0.2,0.2,100,4.34441800462082
0.010251037429639672,20,6,0.4,0.4,200,5.028214945923537
0.010251037429639672,50,6,0.7,0.7,500,6.896598031744361
0.010251037429639672,100,6,0.9,1.0,1000,11.406990990508348
0.010251037429639672,1,7,0.0,0.0,10,4.220222996082157
0.010251037429639672,2,7,0.0,0.0,20,4.050882009323686
0.010251037429639672,5,7,0.1,0.1,50,4.082542029209435
0.010251037429639672,10,7,0.2,0.2,100,4.466550017241389
0.010251037429639672,20,7,0.5,0.5,200,5.076817004010081
0.010251037429639672,50,7,0.9,1.0,500,7.483299996238202
0.010251037429639672,100,7,0.9,1.0,1000,13.181225978769362
0.010251037429639672,1,8,0.0,0.0,10,4.024521971587092
0.010251037429639672,2,8,0.0,0.0,20,4.232245963066816
0.010251037429639672,5,8,0.1,0.1,50,4.394903953652829
0.010251037429639672,10,8,0.1,0.1,100,4.597678955178708
0.010251037429639672,20,8,0.2,0.2,200,5.032903980463743
0.010251037429639672,50,8,0.5,0.5,500,7.957449008245021
0.010251037429639672,100,8,1.0,1.0,1000,14.063248003367335
0.010251037429639672,1,9,0.0,0.0,10,4.626524052582681
0.010251037429639672,2,9,0.0,0.0,20,4.1350810206495225
0.010251037429639672,5,9,0.0,0.0,50,4.166059952694923
0.010251037429639672,10,9,0.0,0.0,100,4.355990036856383
0.010251037429639672,20,9,0.5,0.5,200,5.174000980332494
0.010251037429639672,50,9,0.7,0.7,500,7.607366016600281
0.010251037429639672,100,9,1.0,1.0,1000,12.830771040171385
0.010251037429639672,1,10,0.0,0.0,10,4.032497003208846
0.010251037429639672,2,10,0.0,0.0,20,5.320660013239831
0.010251037429639672,5,10,0.1,0.1,50,5.490111012477428
0.010251037429639672,10,10,0.2,0.2,100,5.6881660129874945
0.010251037429639672,20,10,0.2,0.2,200,4.735107999294996
0.010251037429639672,50,10,0.6,0.6,500,6.404754996765405
0.010251037429639672,100,10,1.0,1.0,1000,11.778615007642657
0.010251037429639672,1,11,0.0,0.0,10,4.058636026456952
0.010251037429639672,2,11,0.1,0.1,20,4.011937999166548
0.010251037429639672,5,11,0.2,0.2,50,4.102259001228958
0.010251037429639672,10,11,0.2,0.2,100,4.2051339987665415
0.010251037429639672,20,11,0.3,0.3,200,4.670026013627648
0.010251037429639672,50,11,0.6,0.6,500,6.628930976148695
0.010251037429639672,100,11,0.9,0.9,1000,11.128854006528854
0.010251037429639672,1,12,0.0,0.0,10,4.02749702334404
0.010251037429639672,2,12,0.0,0.0,20,4.129109962377697
0.010251037429639672,5,12,0.1,0.1,50,4.18347300728783
0.010251037429639672,10,12,0.2,0.2,100,4.538415989372879
0.010251037429639672,20,12,0.3,0.3,200,5.0374930142425
0.010251037429639672,50,12,0.6,0.6,500,6.430023000575602
0.010251037429639672,100,12,1.0,1.0,1000,9.918458992615342
0.010251037429639672,1,13,0.0,0.0,10,4.073835036251694
0.010251037429639672,2,13,0.1,0.1,20,4.21802798518911
0.010251037429639672,5,13,0.1,0.1,50,4.435089998878539
0.010251037429639672,10,13,0.1,0.1,100,4.354497999884188
0.010251037429639672,20,13,0.2,0.2,200,4.703018988948315
0.010251037429639672,50,13,0.5,0.5,500,6.296559993643314
0.010251037429639672,100,13,0.9,0.9,1000,10.543934011366218
0.010251037429639672,1,14,0.0,0.0,10,4.02752700028941
0.010251037429639672,2,14,0.0,0.0,20,3.9649289683438838
0.010251037429639672,5,14,0.0,0.0,50,3.955670981667936
0.010251037429639672,10,14,0.0,0.0,100,4.18777100276202
0.010251037429639672,20,14,0.2,0.2,200,4.7745039919391274
0.010251037429639672,50,14,0.5,0.5,500,7.018428994342685
0.010251037429639672,100,14,1.0,1.0,1000,15.320562990382314
0.010251037429639672,1,15,0.0,0.0,10,4.882418958004564
0.010251037429639672,2,15,0.1,0.1,20,4.099784011486918
0.010251037429639672,5,15,0.1,0.1,50,4.234109015669674
0.010251037429639672,10,15,0.2,0.2,100,4.477130016312003
0.010251037429639672,20,15,0.2,0.2,200,4.957199969794601
0.010251037429639672,50,15,0.6,0.6,500,6.592731981072575
0.010251037429639672,100,15,0.8,0.8,1000,11.000830971170217
0.010251037429639672,1,16,0.0,0.0,10,3.971039957832545
0.010251037429639672,2,16,0.0,0.0,20,3.9897459791973233
0.010251037429639672,5,16,0.2,0.2,50,4.10517503041774
0.010251037429639672,10,16,0.2,0.2,100,4.149487998802215
0.010251037429639672,20,16,0.3,0.3,200,4.612968012224883
0.010251037429639672,50,16,0.5,0.5,500,7.024148944765329
0.010251037429639672,100,16,0.9,1.0,1000,13.515380036551505
0.010251037429639672,1,17,0.0,0.0,10,4.280937951989472
0.010251037429639672,2,17,0.0,0.0,20,4.072132986038923
0.010251037429639672,5,17,0.0,0.0,50,4.327015019953251
0.010251037429639672,10,17,0.1,0.1,100,4.685685969889164
0.010251037429639672,20,17,0.4,0.4,200,4.827513999771327
0.010251037429639672,50,17,0.7,0.7,500,6.131617003120482
0.010251037429639672,100,17,1.0,1.0,1000,10.12504001846537
0.010251037429639672,1,18,0.0,0.0,10,3.8164870347827673
0.010251037429639672,2,18,0.0,0.0,20,3.979676985181868
0.010251037429639672,5,18,0.0,0.0,50,4.248124954756349
0.010251037429639672,10,18,0.2,0.2,100,4.507968958932906
0.010251037429639672,20,18,0.3,0.3,200,5.002214980777353
0.010251037429639672,50,18,0.5,0.5,500,6.790307001210749
0.010251037429639672,100,18,1.0,1.0,1000,12.090747011825442
0.010251037429639672,1,19,0.0,0.0,10,3.932136984076351
0.010251037429639672,2,19,0.0,0.0,20,4.009592987131327
0.010251037429639672,5,19,0.0,0.0,50,3.934470994863659
0.010251037429639672,10,19,0.0,0.0,100,4.225151962600648
0.010251037429639672,20,19,0.3,0.3,200,4.8302600043825805
0.010251037429639672,50,19,0.5,0.5,500,6.468045001383871
0.010251037429639672,100,19,1.0,1.0,1000,10.78855898231268
0.005300135584863799,1,0,0.0,0.0,10,4.066491965204477
0.005300135584863799,2,0,0.0,0.0,20,3.94124403828755
0.005300135584863799,5,0,0.0,0.0,50,4.174014960881323
0.005300135584863799,10,0,0.0,0.0,100,4.401897022034973
0.005300135584863799,20,0,0.1,0.1,200,4.998438002076
0.005300135584863799,50,0,0.4,0.4,500,6.028963020071387
0.005300135584863799,100,0,0.7,0.7,1000,10.171226982492954
0.005300135584863799,1,1,0.0,0.0,10,4.001668014097959
0.005300135584863799,2,1,0.0,0.0,20,3.9720619679428637
0.005300135584863799,5,1,0.0,0.0,50,4.170187981799245
0.005300135584863799,10,1,0.0,0.0,100,4.2053950019180775
0.005300135584863799,20,1,0.0,0.0,200,4.80927003081888
0.005300135584863799,50,1,0.4,0.4,500,6.897790008224547
0.005300135584863799,100,1,0.8,0.8,1000,11.915526003576815
0.005300135584863799,1,2,0.0,0.0,10,3.91248898813501
0.005300135584863799,2,2,0.0,0.0,20,3.836135030724108
0.005300135584863799,5,2,0.0,0.0,50,4.122687969356775
0.005300135584863799,10,2,0.0,0.0,100,4.282411013264209
0.005300135584863799,20,2,0.1,0.1,200,4.988158994819969
0.005300135584863799,50,2,0.2,0.2,500,6.35446998057887
0.005300135584863799,100,2,0.7,0.7,1000,11.517430015373975
0.005300135584863799,1,3,0.0,0.0,10,4.062663996592164
0.005300135584863799,2,3,0.0,0.0,20,4.310282994993031
0.005300135584863799,5,3,0.0,0.0,50,4.364366002846509
0.005300135584863799,10,3,0.0,0.0,100,4.5166140189394355
0.005300135584863799,20,3,0.1,0.1,200,4.688210028689355
0.005300135584863799,50,3,0.3,0.3,500,6.607759976759553
0.005300135584863799,100,3,0.3,0.3,1000,12.195235001854599
0.005300135584863799,1,4,0.0,0.0,10,4.090667003765702
0.005300135584863799,2,4,0.0,0.0,20,4.352894029580057
0.005300135584863799,5,4,0.0,0.0,50,4.218730027787387
0.005300135584863799,10,4,0.1,0.1,100,4.345409979578108
0.005300135584863799,20,4,0.2,0.2,200,4.9754949868656695
0.005300135584863799,50,4,0.3,0.3,500,7.0350010064430535
0.005300135584863799,100,4,0.6,0.6,1000,12.033078994136304
0.005300135584863799,1,5,0.0,0.0,10,3.810675989370793
0.005300135584863799,2,5,0.0,0.0,20,3.8766009965911508
0.005300135584863799,5,5,0.0,0.0,50,4.2154540424235165
0.005300135584863799,10,5,0.0,0.0,100,4.494513035751879
0.005300135584863799,20,5,0.2,0.2,200,4.948272951878607
0.005300135584863799,50,5,0.5,0.5,500,6.19257299695164
0.005300135584863799,100,5,1.0,1.0,1000,9.403021016623825
0.005300135584863799,1,6,0.0,0.0,10,4.0776419918984175
0.005300135584863799,2,6,0.0,0.0,20,4.301937995478511
0.005300135584863799,5,6,0.1,0.1,50,4.381578997708857
0.005300135584863799,10,6,0.2,0.2,100,4.331123025622219
0.005300135584863799,20,6,0.2,0.2,200,4.942292987834662
0.005300135584863799,50,6,0.4,0.4,500,6.352866999804974
0.005300135584863799,100,6,0.7,0.7,1000,10.955524980090559
0.005300135584863799,1,7,0.0,0.0,10,4.067322995979339
0.005300135584863799,2,7,0.0,0.0,20,3.956582979299128
0.005300135584863799,5,7,0.0,0.0,50,4.186258011031896
0.005300135584863799,10,7,0.0,0.0,100,4.547463031485677
0.005300135584863799,20,7,0.2,0.2,200,5.231329996604472
0.005300135584863799,50,7,0.6,0.6,500,7.4623809778131545
0.005300135584863799,100,7,0.9,1.0,1000,12.920109962578863
0.005300135584863799,1,8,0.0,0.0,10,5.649823986459523
0.005300135584863799,2,8,0.0,0.0,20,5.792583979200572
0.005300135584863799,5,8,0.0,0.0,50,4.472101049032062
0.005300135584863799,10,8,0.0,0.0,100,4.2358519858680665
0.005300135584863799,20,8,0.1,0.1,200,5.131531041115522
0.005300135584863799,50,8,0.2,0.2,500,7.731981982942671
0.005300135584863799,100,8,0.5,0.5,1000,13.54594697477296
0.005300135584863799,1,9,0.0,0.0,10,4.010845965240151
0.005300135584863799,2,9,0.0,0.0,20,4.037976963445544
0.005300135584863799,5,9,0.0,0.0,50,4.062493040692061
0.005300135584863799,10,9,0.0,0.0,100,4.214863001834601
0.005300135584863799,20,9,0.5,0.5,200,4.913387005217373
0.005300135584863799,50,9,0.7,0.7,500,7.037995965220034
0.005300135584863799,100,9,0.9,0.9,1000,11.995947977993637
0.005300135584863799,1,10,0.0,0.0,10,3.803392988629639
0.005300135584863799,2,10,0.0,0.0,20,3.8475560140796006
0.005300135584863799,5,10,0.0,0.0,50,4.072181996889412
0.005300135584863799,10,10,0.1,0.1,100,4.417427000589669
0.005300135584863799,20,10,0.1,0.1,200,4.797668021637946
0.005300135584863799,50,10,0.5,0.5,500,6.287493044510484
0.005300135584863799,100,10,0.6,0.6,1000,11.55492098769173
0.005300135584863799,1,11,0.0,0.0,10,4.108611028641462
0.005300135584863799,2,11,0.1,0.1,20,4.100446007214487
0.005300135584863799,5,11,0.1,0.1,50,4.169857013039291
0.005300135584863799,10,11,0.1,0.1,100,4.199252987746149
0.005300135584863799,20,11,0.1,0.1,200,4.724650003481656
0.005300135584863799,50,11,0.2,0.2,500,6.702730024699122
0.005300135584863799,100,11,0.5,0.5,1000,11.144132004119456
0.005300135584863799,1,12,0.0,0.0,10,3.843007027171552
0.005300135584863799,2,12,0.0,0.0,20,3.875829977914691
0.005300135584863799,5,12,0.0,0.0,50,3.966391959693283
0.005300135584863799,10,12,0.1,0.1,100,5.6215410004369915
0.005300135584863799,20,12,0.1,0.1,200,7.477529987227172
0.005300135584863799,50,12,0.2,0.2,500,8.683045045472682
0.005300135584863799,100,12,0.6,0.6,1000,9.58881399128586
0.005300135584863799,1,13,0.0,0.0,10,3.9151639793999493
0.005300135584863799,2,13,0.0,0.0,20,3.959659021347761
0.005300135584863799,5,13,0.0,0.0,50,4.049449984449893
0.005300135584863799,10,13,0.0,0.0,100,4.226884979289025
0.005300135584863799,20,13,0.0,0.0,200,4.582951019983739
0.005300135584863799,50,13,0.2,0.2,500,6.49803300620988
0.005300135584863799,100,13,0.5,0.5,1000,11.064040998462588
0.005300135584863799,1,14,0.0,0.0,10,4.023911023978144
0.005300135584863799,2,14,0.0,0.0,20,3.9290409768000245
0.005300135584863799,5,14,0.0,0.0,50,4.255348991136998
0.005300135584863799,10,14,0.0,0.0,100,4.25270403502509
0.005300135584863799,20,14,0.2,0.2,200,4.934697994031012
0.005300135584863799,50,14,0.3,0.3,500,7.4144499958492815
0.005300135584863799,100,14,0.7,0.7,1000,12.721143022645265
0.005300135584863799,1,15,0.0,0.0,10,3.928879974409938
0.005300135584863799,2,15,0.1,0.1,20,3.9560720324516296
0.005300135584863799,5,15,0.1,0.1,50,4.173685039859265
0.005300135584863799,10,15,0.1,0.1,100,4.445458995178342
0.005300135584863799,20,15,0.1,0.1,200,4.77377197239548
0.005300135584863799,50,15,0.2,0.2,500,6.419793993700296
0.005300135584863799,100,15,0.3,0.3,1000,11.295439035166055
0.005300135584863799,1,16,0.0,0.0,10,4.019991960376501
0.005300135584863799,2,16,0.0,0.0,20,4.087531007826328
0.005300135584863799,5,16,0.2,0.2,50,4.19951300136745
0.005300135584863799,10,16,0.2,0.2,100,4.350911010988057
0.005300135584863799,20,16,0.3,0.3,200,4.821793001610786
0.005300135584863799,50,16,0.4,0.4,500,7.78087496291846
0.005300135584863799,100,16,0.8,0.8,1000,13.027915032580495
0.005300135584863799,1,17,0.0,0.0,10,3.9908080361783504
0.005300135584863799,2,17,0.0,0.0,20,3.8683959865011275
0.005300135584863799,5,17,0.0,0.0,50,4.17443597689271
0.005300135584863799,10,17,0.1,0.1,100,4.479194001760334
0.005300135584863799,20,17,0.2,0.2,200,4.938976024277508
0.005300135584863799,50,17,0.5,0.5,500,6.455291004385799
0.005300135584863799,100,17,0.9,0.9,1000,10.790833039209247
0.005300135584863799,1,18,0.0,0.0,10,3.7430580123327672
0.005300135584863799,2,18,0.0,0.0,20,3.92518297303468
0.005300135584863799,5,18,0.0,0.0,50,4.12191596115008
0.005300135584863799,10,18,0.2,0.2,100,4.379826015792787
0.005300135584863799,20,18,0.2,0.2,200,4.6268830192275345
0.005300135584863799,50,18,0.3,0.3,500,6.8701779819093645
0.005300135584863799,100,18,0.8,0.8,1000,12.6683340058662
0.005300135584863799,1,19,0.0,0.0,10,3.9614830166101456
0.005300135584863799,2,19,0.0,0.0,20,4.147894971538335
0.005300135584863799,5,19,0.0,0.0,50,3.9184900233522058
0.005300135584863799,10,19,0.0,0.0,100,4.2930610361509025
0.005300135584863799,20,19,0.3,0.3,200,4.632383992429823
0.005300135584863799,50,19,0.4,0.4,500,6.092763971537352
0.005300135584863799,100,19,0.8,0.8,1000,10.406033019535244
